{
  "province": "Pampanga",
  "code": "035400000",
  "cities": [
    {
      "name": "Apalit",
      "code": "035402000",
      "psgc": "0305402000",
      "barangays": [
        {
          "name": "Balucuc",
          "code": "035402001",
          "psgc": "0305402001"
        },
        {
          "name": "Calantipe",
          "code": "035402003",
          "psgc": "0305402003"
        },
        {
          "name": "Cansinala",
          "code": "035402004",
          "psgc": "0305402004"
        },
        {
          "name": "Capalangan",
          "code": "035402005",
          "psgc": "0305402005"
        },
        {
          "name": "Colgante",
          "code": "035402007",
          "psgc": "0305402007"
        },
        {
          "name": "Paligui",
          "code": "035402009",
          "psgc": "0305402009"
        },
        {
          "name": "Sampaloc",
          "code": "035402010",
          "psgc": "0305402010"
        },
        {
          "name": "San Juan (Pob.)",
          "code": "035402011",
          "psgc": "0305402011"
        },
        {
          "name": "San Vicente",
          "code": "035402012",
          "psgc": "0305402012"
        },
        {
          "name": "Sucad",
          "code": "035402013",
          "psgc": "0305402013"
        },
        {
          "name": "Sulipan",
          "code": "035402014",
          "psgc": "0305402014"
        },
        {
          "name": "Tabuyuc",
          "code": "035402015",
          "psgc": "0305402015"
        }
      ]
    },
    {
      "name": "Arayat",
      "code": "035403000",
      "psgc": "0305403000",
      "barangays": [
        {
          "name": "Arenas",
          "code": "035403001",
          "psgc": "0305403001"
        },
        {
          "name": "Baliti",
          "code": "035403002",
          "psgc": "0305403002"
        },
        {
          "name": "Batasan",
          "code": "035403003",
          "psgc": "0305403003"
        },
        {
          "name": "Buensuceso",
          "code": "035403005",
          "psgc": "0305403005"
        },
        {
          "name": "Candating",
          "code": "035403007",
          "psgc": "0305403007"
        },
        {
          "name": "Cupang",
          "code": "035403030",
          "psgc": "0305403030"
        },
        {
          "name": "Gatiawin",
          "code": "035403008",
          "psgc": "0305403008"
        },
        {
          "name": "Guemasan",
          "code": "035403009",
          "psgc": "0305403009"
        },
        {
          "name": "Kaledian",
          "code": "035403036",
          "psgc": "0305403036"
        },
        {
          "name": "La Paz",
          "code": "035403010",
          "psgc": "0305403010"
        },
        {
          "name": "Lacmit",
          "code": "035403011",
          "psgc": "0305403011"
        },
        {
          "name": "Lacquios",
          "code": "035403012",
          "psgc": "0305403012"
        },
        {
          "name": "Mangga-Cacutud",
          "code": "035403013",
          "psgc": "0305403013"
        },
        {
          "name": "Mapalad",
          "code": "035403014",
          "psgc": "0305403014"
        },
        {
          "name": "Matamo",
          "code": "035403031",
          "psgc": "0305403031"
        },
        {
          "name": "Panlinlang",
          "code": "035403015",
          "psgc": "0305403015"
        },
        {
          "name": "Paralaya",
          "code": "035403016",
          "psgc": "0305403016"
        },
        {
          "name": "Plazang Luma",
          "code": "035403017",
          "psgc": "0305403017"
        },
        {
          "name": "Poblacion",
          "code": "035403018",
          "psgc": "0305403018"
        },
        {
          "name": "San Agustin Norte",
          "code": "035403020",
          "psgc": "0305403020"
        },
        {
          "name": "San Agustin Sur",
          "code": "035403021",
          "psgc": "0305403021"
        },
        {
          "name": "San Antonio",
          "code": "035403022",
          "psgc": "0305403022"
        },
        {
          "name": "San Jose Mesulo",
          "code": "035403025",
          "psgc": "0305403025"
        },
        {
          "name": "San Juan Bano",
          "code": "035403026",
          "psgc": "0305403026"
        },
        {
          "name": "San Mateo",
          "code": "035403027",
          "psgc": "0305403027"
        },
        {
          "name": "San Nicolas",
          "code": "035403028",
          "psgc": "0305403028"
        },
        {
          "name": "San Roque Bitas",
          "code": "035403029",
          "psgc": "0305403029"
        },
        {
          "name": "Santo Niño Tabuan",
          "code": "035403032",
          "psgc": "0305403032"
        },
        {
          "name": "Suclayin",
          "code": "035403034",
          "psgc": "0305403034"
        },
        {
          "name": "Telapayong",
          "code": "035403035",
          "psgc": "0305403035"
        }
      ]
    },
    {
      "name": "Bacolor",
      "code": "035404000",
      "psgc": "0305404000",
      "barangays": [
        {
          "name": "Balas",
          "code": "035404001",
          "psgc": "0305404001"
        },
        {
          "name": "Cabalantian",
          "code": "035404002",
          "psgc": "0305404002"
        },
        {
          "name": "Cabambangan (Pob.)",
          "code": "035404003",
          "psgc": "0305404003"
        },
        {
          "name": "Cabetican",
          "code": "035404004",
          "psgc": "0305404004"
        },
        {
          "name": "Calibutbut",
          "code": "035404005",
          "psgc": "0305404005"
        },
        {
          "name": "Concepcion",
          "code": "035404006",
          "psgc": "0305404006"
        },
        {
          "name": "Dolores",
          "code": "035404007",
          "psgc": "0305404007"
        },
        {
          "name": "Duat",
          "code": "035404008",
          "psgc": "0305404008"
        },
        {
          "name": "Macabacle",
          "code": "035404009",
          "psgc": "0305404009"
        },
        {
          "name": "Magliman",
          "code": "035404010",
          "psgc": "0305404010"
        },
        {
          "name": "Maliwalu",
          "code": "035404011",
          "psgc": "0305404011"
        },
        {
          "name": "Mesalipit",
          "code": "035404012",
          "psgc": "0305404012"
        },
        {
          "name": "Parulog",
          "code": "035404013",
          "psgc": "0305404013"
        },
        {
          "name": "Potrero",
          "code": "035404015",
          "psgc": "0305404015"
        },
        {
          "name": "San Antonio",
          "code": "035404016",
          "psgc": "0305404016"
        },
        {
          "name": "San Isidro",
          "code": "035404018",
          "psgc": "0305404018"
        },
        {
          "name": "San Vicente",
          "code": "035404019",
          "psgc": "0305404019"
        },
        {
          "name": "Santa Barbara",
          "code": "035404020",
          "psgc": "0305404020"
        },
        {
          "name": "Santa Ines",
          "code": "035404021",
          "psgc": "0305404021"
        },
        {
          "name": "Talba",
          "code": "035404023",
          "psgc": "0305404023"
        },
        {
          "name": "Tinajero",
          "code": "035404024",
          "psgc": "0305404024"
        }
      ]
    },
    {
      "name": "Candaba",
      "code": "035405000",
      "psgc": "0305405000",
      "barangays": [
        {
          "name": "Bahay Pare",
          "code": "035405001",
          "psgc": "0305405001"
        },
        {
          "name": "Bambang",
          "code": "035405002",
          "psgc": "0305405002"
        },
        {
          "name": "Barangca",
          "code": "035405003",
          "psgc": "0305405003"
        },
        {
          "name": "Barit",
          "code": "035405004",
          "psgc": "0305405004"
        },
        {
          "name": "Buas (Pob.)",
          "code": "035405005",
          "psgc": "0305405005"
        },
        {
          "name": "Cuayang Bugtong",
          "code": "035405008",
          "psgc": "0305405008"
        },
        {
          "name": "Dalayap",
          "code": "035405009",
          "psgc": "0305405009"
        },
        {
          "name": "Dulong Ilog",
          "code": "035405010",
          "psgc": "0305405010"
        },
        {
          "name": "Gulap",
          "code": "035405011",
          "psgc": "0305405011"
        },
        {
          "name": "Lanang",
          "code": "035405012",
          "psgc": "0305405012"
        },
        {
          "name": "Lourdes",
          "code": "035405013",
          "psgc": "0305405013"
        },
        {
          "name": "Magumbali",
          "code": "035405014",
          "psgc": "0305405014"
        },
        {
          "name": "Mandasig",
          "code": "035405015",
          "psgc": "0305405015"
        },
        {
          "name": "Mandili",
          "code": "035405016",
          "psgc": "0305405016"
        },
        {
          "name": "Mangga",
          "code": "035405017",
          "psgc": "0305405017"
        },
        {
          "name": "Mapaniqui",
          "code": "035405018",
          "psgc": "0305405018"
        },
        {
          "name": "Paligui",
          "code": "035405020",
          "psgc": "0305405020"
        },
        {
          "name": "Pangclara",
          "code": "035405021",
          "psgc": "0305405021"
        },
        {
          "name": "Pansinao",
          "code": "035405022",
          "psgc": "0305405022"
        },
        {
          "name": "Paralaya (Pob.)",
          "code": "035405023",
          "psgc": "0305405023"
        },
        {
          "name": "Pasig",
          "code": "035405024",
          "psgc": "0305405024"
        },
        {
          "name": "Pescadores (Pob.)",
          "code": "035405025",
          "psgc": "0305405025"
        },
        {
          "name": "Pulong Gubat",
          "code": "035405026",
          "psgc": "0305405026"
        },
        {
          "name": "Pulong Palazan",
          "code": "035405027",
          "psgc": "0305405027"
        },
        {
          "name": "Salapungan",
          "code": "035405028",
          "psgc": "0305405028"
        },
        {
          "name": "San Agustin (Pob.)",
          "code": "035405029",
          "psgc": "0305405029"
        },
        {
          "name": "Santo Rosario",
          "code": "035405031",
          "psgc": "0305405031"
        },
        {
          "name": "Tagulod",
          "code": "035405032",
          "psgc": "0305405032"
        },
        {
          "name": "Talang",
          "code": "035405033",
          "psgc": "0305405033"
        },
        {
          "name": "Tenejero",
          "code": "035405034",
          "psgc": "0305405034"
        },
        {
          "name": "Vizal San Pablo",
          "code": "035405035",
          "psgc": "0305405035"
        },
        {
          "name": "Vizal Santo Cristo",
          "code": "035405036",
          "psgc": "0305405036"
        },
        {
          "name": "Vizal Santo Niño",
          "code": "035405037",
          "psgc": "0305405037"
        }
      ]
    },
    {
      "name": "City of Angeles",
      "code": "035401000",
      "psgc": "0330100000",
      "barangays": [
        {
          "name": "Agapito del Rosario",
          "code": "035401001",
          "psgc": "0330100001"
        },
        {
          "name": "Amsic",
          "code": "035401035",
          "psgc": "0330100035"
        },
        {
          "name": "Anunas",
          "code": "035401002",
          "psgc": "0330100002"
        },
        {
          "name": "Balibago",
          "code": "035401003",
          "psgc": "0330100003"
        },
        {
          "name": "Capaya",
          "code": "035401004",
          "psgc": "0330100004"
        },
        {
          "name": "Claro M. Recto",
          "code": "035401005",
          "psgc": "0330100005"
        },
        {
          "name": "Cuayan",
          "code": "035401006",
          "psgc": "0330100006"
        },
        {
          "name": "Cutcut",
          "code": "035401007",
          "psgc": "0330100007"
        },
        {
          "name": "Cutud",
          "code": "035401008",
          "psgc": "0330100008"
        },
        {
          "name": "Lourdes North West",
          "code": "035401010",
          "psgc": "0330100010"
        },
        {
          "name": "Lourdes Sur",
          "code": "035401011",
          "psgc": "0330100011"
        },
        {
          "name": "Lourdes Sur East",
          "code": "035401012",
          "psgc": "0330100012"
        },
        {
          "name": "Malabañas",
          "code": "035401013",
          "psgc": "0330100013"
        },
        {
          "name": "Margot",
          "code": "035401014",
          "psgc": "0330100014"
        },
        {
          "name": "Mining",
          "code": "035401015",
          "psgc": "0330100015"
        },
        {
          "name": "Ninoy Aquino",
          "code": "035401036",
          "psgc": "0330100036"
        },
        {
          "name": "Pampang",
          "code": "035401017",
          "psgc": "0330100017"
        },
        {
          "name": "Pandan",
          "code": "035401018",
          "psgc": "0330100018"
        },
        {
          "name": "Pulung Cacutud",
          "code": "035401021",
          "psgc": "0330100021"
        },
        {
          "name": "Pulung Maragul",
          "code": "035401019",
          "psgc": "0330100019"
        },
        {
          "name": "Pulungbulu",
          "code": "035401020",
          "psgc": "0330100020"
        },
        {
          "name": "Salapungan",
          "code": "035401022",
          "psgc": "0330100022"
        },
        {
          "name": "San Jose",
          "code": "035401023",
          "psgc": "0330100023"
        },
        {
          "name": "San Nicolas",
          "code": "035401024",
          "psgc": "0330100024"
        },
        {
          "name": "Sapalibutad",
          "code": "035401030",
          "psgc": "0330100030"
        },
        {
          "name": "Sapangbato",
          "code": "035401031",
          "psgc": "0330100031"
        },
        {
          "name": "Sta. Teresita",
          "code": "035401025",
          "psgc": "0330100025"
        },
        {
          "name": "Sta. Trinidad",
          "code": "035401026",
          "psgc": "0330100026"
        },
        {
          "name": "Sto. Cristo",
          "code": "035401027",
          "psgc": "0330100027"
        },
        {
          "name": "Sto. Domingo",
          "code": "035401028",
          "psgc": "0330100028"
        },
        {
          "name": "Sto. Rosario (Pob.)",
          "code": "035401029",
          "psgc": "0330100029"
        },
        {
          "name": "Tabun",
          "code": "035401032",
          "psgc": "0330100032"
        },
        {
          "name": "Virgen Delos Remedios",
          "code": "035401034",
          "psgc": "0330100034"
        }
      ]
    },
    {
      "name": "City of San Fernando",
      "code": "035416000",
      "psgc": "0305416000",
      "barangays": [
        {
          "name": "Alasas",
          "code": "035416001",
          "psgc": "0305416001"
        },
        {
          "name": "Baliti",
          "code": "035416002",
          "psgc": "0305416002"
        },
        {
          "name": "Bulaon",
          "code": "035416003",
          "psgc": "0305416003"
        },
        {
          "name": "Calulut",
          "code": "035416004",
          "psgc": "0305416004"
        },
        {
          "name": "Del Carmen",
          "code": "035416007",
          "psgc": "0305416007"
        },
        {
          "name": "Del Pilar",
          "code": "035416008",
          "psgc": "0305416008"
        },
        {
          "name": "Del Rosario",
          "code": "035416009",
          "psgc": "0305416009"
        },
        {
          "name": "Dela Paz Norte",
          "code": "035416005",
          "psgc": "0305416005"
        },
        {
          "name": "Dela Paz Sur",
          "code": "035416006",
          "psgc": "0305416006"
        },
        {
          "name": "Dolores",
          "code": "035416010",
          "psgc": "0305416010"
        },
        {
          "name": "Juliana",
          "code": "035416011",
          "psgc": "0305416011"
        },
        {
          "name": "Lara",
          "code": "035416012",
          "psgc": "0305416012"
        },
        {
          "name": "Lourdes",
          "code": "035416013",
          "psgc": "0305416013"
        },
        {
          "name": "Magliman",
          "code": "035416014",
          "psgc": "0305416014"
        },
        {
          "name": "Maimpis",
          "code": "035416015",
          "psgc": "0305416015"
        },
        {
          "name": "Malino",
          "code": "035416016",
          "psgc": "0305416016"
        },
        {
          "name": "Malpitic",
          "code": "035416017",
          "psgc": "0305416017"
        },
        {
          "name": "Pandaras",
          "code": "035416019",
          "psgc": "0305416019"
        },
        {
          "name": "Panipuan",
          "code": "035416020",
          "psgc": "0305416020"
        },
        {
          "name": "Pulung Bulu",
          "code": "035416038",
          "psgc": "0305416038"
        },
        {
          "name": "Quebiauan",
          "code": "035416022",
          "psgc": "0305416022"
        },
        {
          "name": "Saguin",
          "code": "035416023",
          "psgc": "0305416023"
        },
        {
          "name": "San Agustin",
          "code": "035416024",
          "psgc": "0305416024"
        },
        {
          "name": "San Felipe",
          "code": "035416025",
          "psgc": "0305416025"
        },
        {
          "name": "San Isidro",
          "code": "035416026",
          "psgc": "0305416026"
        },
        {
          "name": "San Jose",
          "code": "035416027",
          "psgc": "0305416027"
        },
        {
          "name": "San Juan",
          "code": "035416029",
          "psgc": "0305416029"
        },
        {
          "name": "San Nicolas",
          "code": "035416030",
          "psgc": "0305416030"
        },
        {
          "name": "San Pedro",
          "code": "035416031",
          "psgc": "0305416031"
        },
        {
          "name": "Santa Lucia",
          "code": "035416032",
          "psgc": "0305416032"
        },
        {
          "name": "Santa Teresita",
          "code": "035416033",
          "psgc": "0305416033"
        },
        {
          "name": "Santo Niño",
          "code": "035416034",
          "psgc": "0305416034"
        },
        {
          "name": "Santo Rosario (Pob.)",
          "code": "035416021",
          "psgc": "0305416021"
        },
        {
          "name": "Sindalan",
          "code": "035416036",
          "psgc": "0305416036"
        },
        {
          "name": "Telabastagan",
          "code": "035416037",
          "psgc": "0305416037"
        }
      ]
    },
    {
      "name": "Floridablanca",
      "code": "035406000",
      "psgc": "0305406000",
      "barangays": [
        {
          "name": "Anon",
          "code": "035406001",
          "psgc": "0305406001"
        },
        {
          "name": "Apalit",
          "code": "035406002",
          "psgc": "0305406002"
        },
        {
          "name": "Basa Air Base",
          "code": "035406003",
          "psgc": "0305406003"
        },
        {
          "name": "Benedicto",
          "code": "035406004",
          "psgc": "0305406004"
        },
        {
          "name": "Bodega",
          "code": "035406005",
          "psgc": "0305406005"
        },
        {
          "name": "Cabangcalan",
          "code": "035406006",
          "psgc": "0305406006"
        },
        {
          "name": "Calantas",
          "code": "035406007",
          "psgc": "0305406007"
        },
        {
          "name": "Carmencita",
          "code": "035406008",
          "psgc": "0305406008"
        },
        {
          "name": "Consuelo",
          "code": "035406009",
          "psgc": "0305406009"
        },
        {
          "name": "Dampe",
          "code": "035406010",
          "psgc": "0305406010"
        },
        {
          "name": "Del Carmen",
          "code": "035406011",
          "psgc": "0305406011"
        },
        {
          "name": "Fortuna",
          "code": "035406012",
          "psgc": "0305406012"
        },
        {
          "name": "Gutad",
          "code": "035406013",
          "psgc": "0305406013"
        },
        {
          "name": "Mabical",
          "code": "035406014",
          "psgc": "0305406014"
        },
        {
          "name": "Maligaya",
          "code": "035406016",
          "psgc": "0305406016"
        },
        {
          "name": "Mawacat",
          "code": "035406034",
          "psgc": "0305406034"
        },
        {
          "name": "Nabuclod",
          "code": "035406017",
          "psgc": "0305406017"
        },
        {
          "name": "Pabanlag",
          "code": "035406018",
          "psgc": "0305406018"
        },
        {
          "name": "Paguiruan",
          "code": "035406019",
          "psgc": "0305406019"
        },
        {
          "name": "Palmayo",
          "code": "035406020",
          "psgc": "0305406020"
        },
        {
          "name": "Pandaguirig",
          "code": "035406021",
          "psgc": "0305406021"
        },
        {
          "name": "Poblacion",
          "code": "035406023",
          "psgc": "0305406023"
        },
        {
          "name": "San Antonio",
          "code": "035406024",
          "psgc": "0305406024"
        },
        {
          "name": "San Isidro",
          "code": "035406025",
          "psgc": "0305406025"
        },
        {
          "name": "San Jose",
          "code": "035406026",
          "psgc": "0305406026"
        },
        {
          "name": "San Nicolas",
          "code": "035406027",
          "psgc": "0305406027"
        },
        {
          "name": "San Pedro",
          "code": "035406028",
          "psgc": "0305406028"
        },
        {
          "name": "San Ramon",
          "code": "035406029",
          "psgc": "0305406029"
        },
        {
          "name": "San Roque",
          "code": "035406030",
          "psgc": "0305406030"
        },
        {
          "name": "Solib",
          "code": "035406032",
          "psgc": "0305406032"
        },
        {
          "name": "Sta. Monica",
          "code": "035406031",
          "psgc": "0305406031"
        },
        {
          "name": "Sto. Rosario",
          "code": "035406015",
          "psgc": "0305406015"
        },
        {
          "name": "Valdez",
          "code": "035406033",
          "psgc": "0305406033"
        }
      ]
    },
    {
      "name": "Guagua",
      "code": "035407000",
      "psgc": "0305407000",
      "barangays": [
        {
          "name": "Ascomo",
          "code": "035407034",
          "psgc": "0305407034"
        },
        {
          "name": "Bancal",
          "code": "035407002",
          "psgc": "0305407002"
        },
        {
          "name": "Jose Abad Santos",
          "code": "035407004",
          "psgc": "0305407004"
        },
        {
          "name": "Lambac",
          "code": "035407005",
          "psgc": "0305407005"
        },
        {
          "name": "Magsaysay",
          "code": "035407006",
          "psgc": "0305407006"
        },
        {
          "name": "Maquiapo",
          "code": "035407007",
          "psgc": "0305407007"
        },
        {
          "name": "Natividad",
          "code": "035407008",
          "psgc": "0305407008"
        },
        {
          "name": "Plaza Burgos (Pob.)",
          "code": "035407009",
          "psgc": "0305407009"
        },
        {
          "name": "Pulungmasle",
          "code": "035407010",
          "psgc": "0305407010"
        },
        {
          "name": "Rizal",
          "code": "035407011",
          "psgc": "0305407011"
        },
        {
          "name": "San Agustin",
          "code": "035407012",
          "psgc": "0305407012"
        },
        {
          "name": "San Antonio",
          "code": "035407013",
          "psgc": "0305407013"
        },
        {
          "name": "San Isidro",
          "code": "035407014",
          "psgc": "0305407014"
        },
        {
          "name": "San Jose",
          "code": "035407015",
          "psgc": "0305407015"
        },
        {
          "name": "San Juan",
          "code": "035407027",
          "psgc": "0305407027"
        },
        {
          "name": "San Juan Bautista",
          "code": "035407016",
          "psgc": "0305407016"
        },
        {
          "name": "San Juan Nepomuceno",
          "code": "035407017",
          "psgc": "0305407017"
        },
        {
          "name": "San Matias",
          "code": "035407018",
          "psgc": "0305407018"
        },
        {
          "name": "San Miguel",
          "code": "035407019",
          "psgc": "0305407019"
        },
        {
          "name": "San Nicolas 1st",
          "code": "035407020",
          "psgc": "0305407020"
        },
        {
          "name": "San Nicolas 2nd",
          "code": "035407021",
          "psgc": "0305407021"
        },
        {
          "name": "San Pablo",
          "code": "035407022",
          "psgc": "0305407022"
        },
        {
          "name": "San Pedro",
          "code": "035407023",
          "psgc": "0305407023"
        },
        {
          "name": "San Rafael",
          "code": "035407024",
          "psgc": "0305407024"
        },
        {
          "name": "San Roque",
          "code": "035407025",
          "psgc": "0305407025"
        },
        {
          "name": "San Vicente",
          "code": "035407026",
          "psgc": "0305407026"
        },
        {
          "name": "Santa Filomena (Pob.)",
          "code": "035407028",
          "psgc": "0305407028"
        },
        {
          "name": "Santa Ines",
          "code": "035407029",
          "psgc": "0305407029"
        },
        {
          "name": "Santa Ursula",
          "code": "035407030",
          "psgc": "0305407030"
        },
        {
          "name": "Santo Cristo",
          "code": "035407031",
          "psgc": "0305407031"
        },
        {
          "name": "Santo Niño (Pob.)",
          "code": "035407033",
          "psgc": "0305407033"
        }
      ]
    },
    {
      "name": "Lubao",
      "code": "035408000",
      "psgc": "0305408000",
      "barangays": [
        {
          "name": "Balantacan",
          "code": "035408001",
          "psgc": "0305408001"
        },
        {
          "name": "Bancal Pugad",
          "code": "035408003",
          "psgc": "0305408003"
        },
        {
          "name": "Bancal Sinubli",
          "code": "035408002",
          "psgc": "0305408002"
        },
        {
          "name": "Baruya",
          "code": "035408004",
          "psgc": "0305408004"
        },
        {
          "name": "Calangain",
          "code": "035408005",
          "psgc": "0305408005"
        },
        {
          "name": "Concepcion",
          "code": "035408006",
          "psgc": "0305408006"
        },
        {
          "name": "De La Paz",
          "code": "035408008",
          "psgc": "0305408008"
        },
        {
          "name": "Del Carmen",
          "code": "035408007",
          "psgc": "0305408007"
        },
        {
          "name": "Don Ignacio Dimson",
          "code": "035408009",
          "psgc": "0305408009"
        },
        {
          "name": "Lourdes",
          "code": "035408010",
          "psgc": "0305408010"
        },
        {
          "name": "Prado Siongco",
          "code": "035408011",
          "psgc": "0305408011"
        },
        {
          "name": "Remedios",
          "code": "035408012",
          "psgc": "0305408012"
        },
        {
          "name": "San Agustin",
          "code": "035408013",
          "psgc": "0305408013"
        },
        {
          "name": "San Antonio",
          "code": "035408014",
          "psgc": "0305408014"
        },
        {
          "name": "San Francisco",
          "code": "035408015",
          "psgc": "0305408015"
        },
        {
          "name": "San Isidro",
          "code": "035408016",
          "psgc": "0305408016"
        },
        {
          "name": "San Jose Apunan",
          "code": "035408017",
          "psgc": "0305408017"
        },
        {
          "name": "San Jose Gumi",
          "code": "035408018",
          "psgc": "0305408018"
        },
        {
          "name": "San Juan (Pob.)",
          "code": "035408019",
          "psgc": "0305408019"
        },
        {
          "name": "San Matias",
          "code": "035408020",
          "psgc": "0305408020"
        },
        {
          "name": "San Miguel",
          "code": "035408021",
          "psgc": "0305408021"
        },
        {
          "name": "San Nicolas 1st (Pob.)",
          "code": "035408022",
          "psgc": "0305408022"
        },
        {
          "name": "San Nicolas 2nd",
          "code": "035408023",
          "psgc": "0305408023"
        },
        {
          "name": "San Pablo 1st",
          "code": "035408024",
          "psgc": "0305408024"
        },
        {
          "name": "San Pablo 2nd",
          "code": "035408025",
          "psgc": "0305408025"
        },
        {
          "name": "San Pedro Palcarangan",
          "code": "035408026",
          "psgc": "0305408026"
        },
        {
          "name": "San Pedro Saug",
          "code": "035408027",
          "psgc": "0305408027"
        },
        {
          "name": "San Roque Arbol",
          "code": "035408029",
          "psgc": "0305408029"
        },
        {
          "name": "San Roque Dau",
          "code": "035408030",
          "psgc": "0305408030"
        },
        {
          "name": "San Vicente",
          "code": "035408031",
          "psgc": "0305408031"
        },
        {
          "name": "Santa Barbara",
          "code": "035408032",
          "psgc": "0305408032"
        },
        {
          "name": "Santa Catalina",
          "code": "035408033",
          "psgc": "0305408033"
        },
        {
          "name": "Santa Cruz",
          "code": "035408034",
          "psgc": "0305408034"
        },
        {
          "name": "Santa Lucia (Pob.)",
          "code": "035408035",
          "psgc": "0305408035"
        },
        {
          "name": "Santa Maria",
          "code": "035408036",
          "psgc": "0305408036"
        },
        {
          "name": "Santa Monica",
          "code": "035408037",
          "psgc": "0305408037"
        },
        {
          "name": "Santa Rita",
          "code": "035408038",
          "psgc": "0305408038"
        },
        {
          "name": "Santa Teresa 1st",
          "code": "035408040",
          "psgc": "0305408040"
        },
        {
          "name": "Santa Teresa 2nd",
          "code": "035408041",
          "psgc": "0305408041"
        },
        {
          "name": "Santiago",
          "code": "035408042",
          "psgc": "0305408042"
        },
        {
          "name": "Santo Cristo",
          "code": "035408046",
          "psgc": "0305408046"
        },
        {
          "name": "Santo Domingo",
          "code": "035408043",
          "psgc": "0305408043"
        },
        {
          "name": "Santo Niño",
          "code": "035408044",
          "psgc": "0305408044"
        },
        {
          "name": "Santo Tomas (Pob.)",
          "code": "035408045",
          "psgc": "0305408045"
        }
      ]
    },
    {
      "name": "Mabalacat City",
      "code": "035409000",
      "psgc": "0305409000",
      "barangays": [
        {
          "name": "Atlu-Bola",
          "code": "035409001",
          "psgc": "0305409001"
        },
        {
          "name": "Bical",
          "code": "035409002",
          "psgc": "0305409002"
        },
        {
          "name": "Bundagul",
          "code": "035409003",
          "psgc": "0305409003"
        },
        {
          "name": "Cacutud",
          "code": "035409004",
          "psgc": "0305409004"
        },
        {
          "name": "Calumpang",
          "code": "035409005",
          "psgc": "0305409005"
        },
        {
          "name": "Camachiles",
          "code": "035409006",
          "psgc": "0305409006"
        },
        {
          "name": "Dapdap",
          "code": "035409007",
          "psgc": "0305409007"
        },
        {
          "name": "Dau",
          "code": "035409008",
          "psgc": "0305409008"
        },
        {
          "name": "Dolores",
          "code": "035409009",
          "psgc": "0305409009"
        },
        {
          "name": "Duquit",
          "code": "035409010",
          "psgc": "0305409010"
        },
        {
          "name": "Lakandula",
          "code": "035409011",
          "psgc": "0305409011"
        },
        {
          "name": "Mabiga",
          "code": "035409012",
          "psgc": "0305409012"
        },
        {
          "name": "Macapagal Village",
          "code": "035409013",
          "psgc": "0305409013"
        },
        {
          "name": "Mamatitang",
          "code": "035409015",
          "psgc": "0305409015"
        },
        {
          "name": "Mangalit",
          "code": "035409016",
          "psgc": "0305409016"
        },
        {
          "name": "Marcos Village",
          "code": "035409017",
          "psgc": "0305409017"
        },
        {
          "name": "Mawaque",
          "code": "035409018",
          "psgc": "0305409018"
        },
        {
          "name": "Paralayunan",
          "code": "035409019",
          "psgc": "0305409019"
        },
        {
          "name": "Poblacion",
          "code": "035409020",
          "psgc": "0305409020"
        },
        {
          "name": "San Francisco",
          "code": "035409021",
          "psgc": "0305409021"
        },
        {
          "name": "San Joaquin",
          "code": "035409022",
          "psgc": "0305409022"
        },
        {
          "name": "Santa Ines",
          "code": "035409023",
          "psgc": "0305409023"
        },
        {
          "name": "Santa Maria",
          "code": "035409024",
          "psgc": "0305409024"
        },
        {
          "name": "Santo Rosario",
          "code": "035409025",
          "psgc": "0305409025"
        },
        {
          "name": "Sapang Balen",
          "code": "035409026",
          "psgc": "0305409026"
        },
        {
          "name": "Sapang Biabas",
          "code": "035409027",
          "psgc": "0305409027"
        },
        {
          "name": "Tabun",
          "code": "035409028",
          "psgc": "0305409028"
        }
      ]
    },
    {
      "name": "Macabebe",
      "code": "035410000",
      "psgc": "0305410000",
      "barangays": [
        {
          "name": "Batasan",
          "code": "035410001",
          "psgc": "0305410001"
        },
        {
          "name": "Caduang Tete",
          "code": "035410002",
          "psgc": "0305410002"
        },
        {
          "name": "Candelaria",
          "code": "035410003",
          "psgc": "0305410003"
        },
        {
          "name": "Castuli",
          "code": "035410004",
          "psgc": "0305410004"
        },
        {
          "name": "Consuelo",
          "code": "035410005",
          "psgc": "0305410005"
        },
        {
          "name": "Dalayap",
          "code": "035410006",
          "psgc": "0305410006"
        },
        {
          "name": "Mataguiti",
          "code": "035410007",
          "psgc": "0305410007"
        },
        {
          "name": "San Esteban",
          "code": "035410008",
          "psgc": "0305410008"
        },
        {
          "name": "San Francisco",
          "code": "035410009",
          "psgc": "0305410009"
        },
        {
          "name": "San Gabriel (Pob.)",
          "code": "035410010",
          "psgc": "0305410010"
        },
        {
          "name": "San Isidro",
          "code": "035410011",
          "psgc": "0305410011"
        },
        {
          "name": "San Jose",
          "code": "035410012",
          "psgc": "0305410012"
        },
        {
          "name": "San Juan",
          "code": "035410013",
          "psgc": "0305410013"
        },
        {
          "name": "San Rafael",
          "code": "035410014",
          "psgc": "0305410014"
        },
        {
          "name": "San Roque",
          "code": "035410015",
          "psgc": "0305410015"
        },
        {
          "name": "San Vicente",
          "code": "035410016",
          "psgc": "0305410016"
        },
        {
          "name": "Saplad David",
          "code": "035410023",
          "psgc": "0305410023"
        },
        {
          "name": "Sta. Cruz (Pob.)",
          "code": "035410017",
          "psgc": "0305410017"
        },
        {
          "name": "Sta. Lutgarda",
          "code": "035410018",
          "psgc": "0305410018"
        },
        {
          "name": "Sta. Maria",
          "code": "035410019",
          "psgc": "0305410019"
        },
        {
          "name": "Sta. Rita (Pob.)",
          "code": "035410020",
          "psgc": "0305410020"
        },
        {
          "name": "Sto. Niño",
          "code": "035410021",
          "psgc": "0305410021"
        },
        {
          "name": "Sto. Rosario (Pob.)",
          "code": "035410022",
          "psgc": "0305410022"
        },
        {
          "name": "Tacasan",
          "code": "035410024",
          "psgc": "0305410024"
        },
        {
          "name": "Telacsan",
          "code": "035410025",
          "psgc": "0305410025"
        }
      ]
    },
    {
      "name": "Magalang",
      "code": "035411000",
      "psgc": "0305411000",
      "barangays": [
        {
          "name": "Ayala",
          "code": "035411027",
          "psgc": "0305411027"
        },
        {
          "name": "Bucanan",
          "code": "035411025",
          "psgc": "0305411025"
        },
        {
          "name": "Camias",
          "code": "035411001",
          "psgc": "0305411001"
        },
        {
          "name": "Dolores",
          "code": "035411002",
          "psgc": "0305411002"
        },
        {
          "name": "Escaler",
          "code": "035411003",
          "psgc": "0305411003"
        },
        {
          "name": "La Paz",
          "code": "035411004",
          "psgc": "0305411004"
        },
        {
          "name": "Navaling",
          "code": "035411005",
          "psgc": "0305411005"
        },
        {
          "name": "San Agustin",
          "code": "035411006",
          "psgc": "0305411006"
        },
        {
          "name": "San Antonio",
          "code": "035411007",
          "psgc": "0305411007"
        },
        {
          "name": "San Franciso",
          "code": "035411008",
          "psgc": "0305411008"
        },
        {
          "name": "San Ildefonso",
          "code": "035411009",
          "psgc": "0305411009"
        },
        {
          "name": "San Isidro",
          "code": "035411010",
          "psgc": "0305411010"
        },
        {
          "name": "San Jose",
          "code": "035411011",
          "psgc": "0305411011"
        },
        {
          "name": "San Miguel",
          "code": "035411012",
          "psgc": "0305411012"
        },
        {
          "name": "San Nicolas 1st (Pob.)",
          "code": "035411013",
          "psgc": "0305411013"
        },
        {
          "name": "San Nicolas 2nd",
          "code": "035411014",
          "psgc": "0305411014"
        },
        {
          "name": "San Pablo (Pob.)",
          "code": "035411015",
          "psgc": "0305411015"
        },
        {
          "name": "San Pedro I",
          "code": "035411016",
          "psgc": "0305411016"
        },
        {
          "name": "San Pedro II",
          "code": "035411017",
          "psgc": "0305411017"
        },
        {
          "name": "San Roque",
          "code": "035411018",
          "psgc": "0305411018"
        },
        {
          "name": "San Vicente",
          "code": "035411019",
          "psgc": "0305411019"
        },
        {
          "name": "Santa Cruz (Pob.)",
          "code": "035411020",
          "psgc": "0305411020"
        },
        {
          "name": "Santa Lucia",
          "code": "035411021",
          "psgc": "0305411021"
        },
        {
          "name": "Santa Maria",
          "code": "035411022",
          "psgc": "0305411022"
        },
        {
          "name": "Santo Niño",
          "code": "035411023",
          "psgc": "0305411023"
        },
        {
          "name": "Santo Rosario",
          "code": "035411024",
          "psgc": "0305411024"
        },
        {
          "name": "Turu",
          "code": "035411026",
          "psgc": "0305411026"
        }
      ]
    },
    {
      "name": "Masantol",
      "code": "035412000",
      "psgc": "0305412000",
      "barangays": [
        {
          "name": "Alauli",
          "code": "035412001",
          "psgc": "0305412001"
        },
        {
          "name": "Bagang",
          "code": "035412003",
          "psgc": "0305412003"
        },
        {
          "name": "Balibago",
          "code": "035412004",
          "psgc": "0305412004"
        },
        {
          "name": "Bebe Anac",
          "code": "035412006",
          "psgc": "0305412006"
        },
        {
          "name": "Bebe Matua",
          "code": "035412007",
          "psgc": "0305412007"
        },
        {
          "name": "Bulacus",
          "code": "035412008",
          "psgc": "0305412008"
        },
        {
          "name": "Cambasi",
          "code": "035412011",
          "psgc": "0305412011"
        },
        {
          "name": "Malauli",
          "code": "035412012",
          "psgc": "0305412012"
        },
        {
          "name": "Nigui",
          "code": "035412013",
          "psgc": "0305412013"
        },
        {
          "name": "Palimpe",
          "code": "035412014",
          "psgc": "0305412014"
        },
        {
          "name": "Puti",
          "code": "035412015",
          "psgc": "0305412015"
        },
        {
          "name": "Sagrada",
          "code": "035412016",
          "psgc": "0305412016"
        },
        {
          "name": "San Agustin",
          "code": "035412009",
          "psgc": "0305412009"
        },
        {
          "name": "San Isidro Anac",
          "code": "035412017",
          "psgc": "0305412017"
        },
        {
          "name": "San Isidro Matua (Pob.)",
          "code": "035412018",
          "psgc": "0305412018"
        },
        {
          "name": "San Nicolas (Pob.)",
          "code": "035412019",
          "psgc": "0305412019"
        },
        {
          "name": "San Pedro",
          "code": "035412020",
          "psgc": "0305412020"
        },
        {
          "name": "Sapang Kawayan",
          "code": "035412027",
          "psgc": "0305412027"
        },
        {
          "name": "Sta. Cruz",
          "code": "035412021",
          "psgc": "0305412021"
        },
        {
          "name": "Sta. Lucia Anac (Pob.)",
          "code": "035412026",
          "psgc": "0305412026"
        },
        {
          "name": "Sta. Lucia Matua",
          "code": "035412023",
          "psgc": "0305412023"
        },
        {
          "name": "Sta. Lucia Paguiba",
          "code": "035412024",
          "psgc": "0305412024"
        },
        {
          "name": "Sta. Lucia Wakas",
          "code": "035412025",
          "psgc": "0305412025"
        },
        {
          "name": "Sta. Monica",
          "code": "035412010",
          "psgc": "0305412010"
        },
        {
          "name": "Sto. Niño",
          "code": "035412029",
          "psgc": "0305412029"
        },
        {
          "name": "Sua",
          "code": "035412028",
          "psgc": "0305412028"
        }
      ]
    },
    {
      "name": "Mexico",
      "code": "035413000",
      "psgc": "0305413000",
      "barangays": [
        {
          "name": "Acli",
          "code": "035413001",
          "psgc": "0305413001"
        },
        {
          "name": "Anao",
          "code": "035413002",
          "psgc": "0305413002"
        },
        {
          "name": "Balas",
          "code": "035413003",
          "psgc": "0305413003"
        },
        {
          "name": "Buenavista",
          "code": "035413004",
          "psgc": "0305413004"
        },
        {
          "name": "Camuning",
          "code": "035413005",
          "psgc": "0305413005"
        },
        {
          "name": "Cawayan",
          "code": "035413006",
          "psgc": "0305413006"
        },
        {
          "name": "Concepcion",
          "code": "035413007",
          "psgc": "0305413007"
        },
        {
          "name": "Culubasa",
          "code": "035413008",
          "psgc": "0305413008"
        },
        {
          "name": "Divisoria",
          "code": "035413009",
          "psgc": "0305413009"
        },
        {
          "name": "Dolores",
          "code": "035413010",
          "psgc": "0305413010"
        },
        {
          "name": "Eden",
          "code": "035413011",
          "psgc": "0305413011"
        },
        {
          "name": "Gandus",
          "code": "035413012",
          "psgc": "0305413012"
        },
        {
          "name": "Lagundi",
          "code": "035413013",
          "psgc": "0305413013"
        },
        {
          "name": "Laput",
          "code": "035413014",
          "psgc": "0305413014"
        },
        {
          "name": "Laug",
          "code": "035413015",
          "psgc": "0305413015"
        },
        {
          "name": "Masamat",
          "code": "035413017",
          "psgc": "0305413017"
        },
        {
          "name": "Masangsang",
          "code": "035413018",
          "psgc": "0305413018"
        },
        {
          "name": "Nueva Victoria",
          "code": "035413020",
          "psgc": "0305413020"
        },
        {
          "name": "Pandacaqui",
          "code": "035413021",
          "psgc": "0305413021"
        },
        {
          "name": "Pangatlan",
          "code": "035413022",
          "psgc": "0305413022"
        },
        {
          "name": "Panipuan",
          "code": "035413023",
          "psgc": "0305413023"
        },
        {
          "name": "Parian (Pob.)",
          "code": "035413024",
          "psgc": "0305413024"
        },
        {
          "name": "Sabanilla",
          "code": "035413025",
          "psgc": "0305413025"
        },
        {
          "name": "San Antonio",
          "code": "035413026",
          "psgc": "0305413026"
        },
        {
          "name": "San Carlos",
          "code": "035413027",
          "psgc": "0305413027"
        },
        {
          "name": "San Jose Malino",
          "code": "035413029",
          "psgc": "0305413029"
        },
        {
          "name": "San Jose Matulid",
          "code": "035413030",
          "psgc": "0305413030"
        },
        {
          "name": "San Juan",
          "code": "035413031",
          "psgc": "0305413031"
        },
        {
          "name": "San Lorenzo",
          "code": "035413032",
          "psgc": "0305413032"
        },
        {
          "name": "San Miguel",
          "code": "035413033",
          "psgc": "0305413033"
        },
        {
          "name": "San Nicolas",
          "code": "035413034",
          "psgc": "0305413034"
        },
        {
          "name": "San Pablo",
          "code": "035413035",
          "psgc": "0305413035"
        },
        {
          "name": "San Patricio",
          "code": "035413036",
          "psgc": "0305413036"
        },
        {
          "name": "San Rafael",
          "code": "035413037",
          "psgc": "0305413037"
        },
        {
          "name": "San Roque",
          "code": "035413038",
          "psgc": "0305413038"
        },
        {
          "name": "San Vicente",
          "code": "035413039",
          "psgc": "0305413039"
        },
        {
          "name": "Santa Cruz",
          "code": "035413040",
          "psgc": "0305413040"
        },
        {
          "name": "Santa Maria",
          "code": "035413041",
          "psgc": "0305413041"
        },
        {
          "name": "Santo Domingo",
          "code": "035413042",
          "psgc": "0305413042"
        },
        {
          "name": "Santo Rosario",
          "code": "035413043",
          "psgc": "0305413043"
        },
        {
          "name": "Sapang Maisac",
          "code": "035413044",
          "psgc": "0305413044"
        },
        {
          "name": "Suclaban",
          "code": "035413045",
          "psgc": "0305413045"
        },
        {
          "name": "Tangle",
          "code": "035413046",
          "psgc": "0305413046"
        }
      ]
    },
    {
      "name": "Minalin",
      "code": "035414000",
      "psgc": "0305414000",
      "barangays": [
        {
          "name": "Bulac",
          "code": "035414001",
          "psgc": "0305414001"
        },
        {
          "name": "Dawe",
          "code": "035414002",
          "psgc": "0305414002"
        },
        {
          "name": "Lourdes",
          "code": "035414003",
          "psgc": "0305414003"
        },
        {
          "name": "Maniango",
          "code": "035414004",
          "psgc": "0305414004"
        },
        {
          "name": "San Francisco 1st",
          "code": "035414006",
          "psgc": "0305414006"
        },
        {
          "name": "San Francisco 2nd",
          "code": "035414007",
          "psgc": "0305414007"
        },
        {
          "name": "San Isidro",
          "code": "035414008",
          "psgc": "0305414008"
        },
        {
          "name": "San Nicolas (Pob.)",
          "code": "035414009",
          "psgc": "0305414009"
        },
        {
          "name": "San Pedro",
          "code": "035414010",
          "psgc": "0305414010"
        },
        {
          "name": "Saplad",
          "code": "035414016",
          "psgc": "0305414016"
        },
        {
          "name": "Sta. Catalina",
          "code": "035414011",
          "psgc": "0305414011"
        },
        {
          "name": "Sta. Maria",
          "code": "035414012",
          "psgc": "0305414012"
        },
        {
          "name": "Sta. Rita",
          "code": "035414013",
          "psgc": "0305414013"
        },
        {
          "name": "Sto. Domingo",
          "code": "035414014",
          "psgc": "0305414014"
        },
        {
          "name": "Sto. Rosario (Pob.)",
          "code": "035414015",
          "psgc": "0305414015"
        }
      ]
    },
    {
      "name": "Porac",
      "code": "035415000",
      "psgc": "0305415000",
      "barangays": [
        {
          "name": "Babo Pangulo",
          "code": "035415001",
          "psgc": "0305415001"
        },
        {
          "name": "Babo Sacan",
          "code": "035415002",
          "psgc": "0305415002"
        },
        {
          "name": "Balubad",
          "code": "035415004",
          "psgc": "0305415004"
        },
        {
          "name": "Calzadang Bayu",
          "code": "035415008",
          "psgc": "0305415008"
        },
        {
          "name": "Camias",
          "code": "035415009",
          "psgc": "0305415009"
        },
        {
          "name": "Cangatba",
          "code": "035415010",
          "psgc": "0305415010"
        },
        {
          "name": "Diaz",
          "code": "035415011",
          "psgc": "0305415011"
        },
        {
          "name": "Dolores",
          "code": "035415013",
          "psgc": "0305415013"
        },
        {
          "name": "Inararo",
          "code": "035415036",
          "psgc": "0305415036"
        },
        {
          "name": "Jalung",
          "code": "035415014",
          "psgc": "0305415014"
        },
        {
          "name": "Mancatian",
          "code": "035415016",
          "psgc": "0305415016"
        },
        {
          "name": "Manibaug Libutad",
          "code": "035415017",
          "psgc": "0305415017"
        },
        {
          "name": "Manibaug Paralaya",
          "code": "035415018",
          "psgc": "0305415018"
        },
        {
          "name": "Manibaug Pasig",
          "code": "035415019",
          "psgc": "0305415019"
        },
        {
          "name": "Manuali",
          "code": "035415020",
          "psgc": "0305415020"
        },
        {
          "name": "Mitla Proper",
          "code": "035415021",
          "psgc": "0305415021"
        },
        {
          "name": "Palat",
          "code": "035415022",
          "psgc": "0305415022"
        },
        {
          "name": "Pias",
          "code": "035415023",
          "psgc": "0305415023"
        },
        {
          "name": "Pio",
          "code": "035415024",
          "psgc": "0305415024"
        },
        {
          "name": "Planas",
          "code": "035415025",
          "psgc": "0305415025"
        },
        {
          "name": "Poblacion",
          "code": "035415026",
          "psgc": "0305415026"
        },
        {
          "name": "Pulung Santol",
          "code": "035415028",
          "psgc": "0305415028"
        },
        {
          "name": "Salu",
          "code": "035415029",
          "psgc": "0305415029"
        },
        {
          "name": "San Jose Mitla",
          "code": "035415030",
          "psgc": "0305415030"
        },
        {
          "name": "Sapang Uwak",
          "code": "035415037",
          "psgc": "0305415037"
        },
        {
          "name": "Sepung Bulaon",
          "code": "035415032",
          "psgc": "0305415032"
        },
        {
          "name": "Sinura",
          "code": "035415033",
          "psgc": "0305415033"
        },
        {
          "name": "Sta. Cruz",
          "code": "035415031",
          "psgc": "0305415031"
        },
        {
          "name": "Villa Maria",
          "code": "035415035",
          "psgc": "0305415035"
        }
      ]
    },
    {
      "name": "San Luis",
      "code": "035417000",
      "psgc": "0305417000",
      "barangays": [
        {
          "name": "San Agustin",
          "code": "035417001",
          "psgc": "0305417001"
        },
        {
          "name": "San Carlos",
          "code": "035417002",
          "psgc": "0305417002"
        },
        {
          "name": "San Isidro",
          "code": "035417003",
          "psgc": "0305417003"
        },
        {
          "name": "San Jose",
          "code": "035417004",
          "psgc": "0305417004"
        },
        {
          "name": "San Juan",
          "code": "035417005",
          "psgc": "0305417005"
        },
        {
          "name": "San Nicolas",
          "code": "035417006",
          "psgc": "0305417006"
        },
        {
          "name": "San Roque",
          "code": "035417008",
          "psgc": "0305417008"
        },
        {
          "name": "San Sebastian",
          "code": "035417009",
          "psgc": "0305417009"
        },
        {
          "name": "Santa Catalina",
          "code": "035417010",
          "psgc": "0305417010"
        },
        {
          "name": "Santa Cruz Pambilog",
          "code": "035417011",
          "psgc": "0305417011"
        },
        {
          "name": "Santa Cruz Poblacion",
          "code": "035417012",
          "psgc": "0305417012"
        },
        {
          "name": "Santa Lucia",
          "code": "035417013",
          "psgc": "0305417013"
        },
        {
          "name": "Santa Monica",
          "code": "035417014",
          "psgc": "0305417014"
        },
        {
          "name": "Santa Rita",
          "code": "035417015",
          "psgc": "0305417015"
        },
        {
          "name": "Santo Niño",
          "code": "035417016",
          "psgc": "0305417016"
        },
        {
          "name": "Santo Rosario",
          "code": "035417017",
          "psgc": "0305417017"
        },
        {
          "name": "Santo Tomas",
          "code": "035417018",
          "psgc": "0305417018"
        }
      ]
    },
    {
      "name": "San Simon",
      "code": "035418000",
      "psgc": "0305418000",
      "barangays": [
        {
          "name": "Concepcion",
          "code": "035418001",
          "psgc": "0305418001"
        },
        {
          "name": "De La Paz",
          "code": "035418002",
          "psgc": "0305418002"
        },
        {
          "name": "San Agustin",
          "code": "035418004",
          "psgc": "0305418004"
        },
        {
          "name": "San Isidro",
          "code": "035418005",
          "psgc": "0305418005"
        },
        {
          "name": "San Jose",
          "code": "035418006",
          "psgc": "0305418006"
        },
        {
          "name": "San Juan (Pob.)",
          "code": "035418003",
          "psgc": "0305418003"
        },
        {
          "name": "San Miguel",
          "code": "035418007",
          "psgc": "0305418007"
        },
        {
          "name": "San Nicolas",
          "code": "035418008",
          "psgc": "0305418008"
        },
        {
          "name": "San Pablo Libutad",
          "code": "035418009",
          "psgc": "0305418009"
        },
        {
          "name": "San Pablo Proper",
          "code": "035418010",
          "psgc": "0305418010"
        },
        {
          "name": "San Pedro",
          "code": "035418011",
          "psgc": "0305418011"
        },
        {
          "name": "Santa Cruz",
          "code": "035418012",
          "psgc": "0305418012"
        },
        {
          "name": "Santa Monica",
          "code": "035418013",
          "psgc": "0305418013"
        },
        {
          "name": "Santo Niño",
          "code": "035418014",
          "psgc": "0305418014"
        }
      ]
    },
    {
      "name": "Santa Ana",
      "code": "035419000",
      "psgc": "0305419000",
      "barangays": [
        {
          "name": "San Agustin",
          "code": "035419001",
          "psgc": "0305419001"
        },
        {
          "name": "San Bartolome",
          "code": "035419002",
          "psgc": "0305419002"
        },
        {
          "name": "San Isidro",
          "code": "035419003",
          "psgc": "0305419003"
        },
        {
          "name": "San Joaquin (Pob.)",
          "code": "035419004",
          "psgc": "0305419004"
        },
        {
          "name": "San Jose",
          "code": "035419005",
          "psgc": "0305419005"
        },
        {
          "name": "San Juan",
          "code": "035419006",
          "psgc": "0305419006"
        },
        {
          "name": "San Nicolas",
          "code": "035419007",
          "psgc": "0305419007"
        },
        {
          "name": "San Pablo",
          "code": "035419008",
          "psgc": "0305419008"
        },
        {
          "name": "San Pedro",
          "code": "035419009",
          "psgc": "0305419009"
        },
        {
          "name": "San Roque",
          "code": "035419010",
          "psgc": "0305419010"
        },
        {
          "name": "Santa Lucia",
          "code": "035419011",
          "psgc": "0305419011"
        },
        {
          "name": "Santa Maria",
          "code": "035419012",
          "psgc": "0305419012"
        },
        {
          "name": "Santiago",
          "code": "035419013",
          "psgc": "0305419013"
        },
        {
          "name": "Santo Rosario",
          "code": "035419014",
          "psgc": "0305419014"
        }
      ]
    },
    {
      "name": "Santa Rita",
      "code": "035420000",
      "psgc": "0305420000",
      "barangays": [
        {
          "name": "Becuran",
          "code": "035420001",
          "psgc": "0305420001"
        },
        {
          "name": "Dila-dila",
          "code": "035420002",
          "psgc": "0305420002"
        },
        {
          "name": "San Agustin",
          "code": "035420003",
          "psgc": "0305420003"
        },
        {
          "name": "San Basilio",
          "code": "035420004",
          "psgc": "0305420004"
        },
        {
          "name": "San Isidro",
          "code": "035420005",
          "psgc": "0305420005"
        },
        {
          "name": "San Jose (Pob.)",
          "code": "035420006",
          "psgc": "0305420006"
        },
        {
          "name": "San Juan",
          "code": "035420007",
          "psgc": "0305420007"
        },
        {
          "name": "San Matias",
          "code": "035420008",
          "psgc": "0305420008"
        },
        {
          "name": "San Vicente",
          "code": "035420009",
          "psgc": "0305420009"
        },
        {
          "name": "Santa Monica",
          "code": "035420010",
          "psgc": "0305420010"
        }
      ]
    },
    {
      "name": "Sasmuan",
      "code": "035422000",
      "psgc": "0305422000",
      "barangays": [
        {
          "name": "Batang 1st",
          "code": "035422001",
          "psgc": "0305422001"
        },
        {
          "name": "Batang 2nd",
          "code": "035422002",
          "psgc": "0305422002"
        },
        {
          "name": "Mabuanbuan",
          "code": "035422004",
          "psgc": "0305422004"
        },
        {
          "name": "Malusac",
          "code": "035422005",
          "psgc": "0305422005"
        },
        {
          "name": "San Antonio",
          "code": "035422007",
          "psgc": "0305422007"
        },
        {
          "name": "San Nicolas 1st",
          "code": "035422008",
          "psgc": "0305422008"
        },
        {
          "name": "San Nicolas 2nd",
          "code": "035422009",
          "psgc": "0305422009"
        },
        {
          "name": "San Pedro",
          "code": "035422010",
          "psgc": "0305422010"
        },
        {
          "name": "Santa Monica",
          "code": "035422011",
          "psgc": "0305422011"
        },
        {
          "name": "Santo Tomas",
          "code": "035422012",
          "psgc": "0305422012"
        },
        {
          "name": "Sebitanan",
          "code": "035422013",
          "psgc": "0305422013"
        },
        {
          "name": "Sta. Lucia (Pob.)",
          "code": "035422006",
          "psgc": "0305422006"
        }
      ]
    },
    {
      "name": "Sto. Tomas",
      "code": "035421000",
      "psgc": "0305421000",
      "barangays": [
        {
          "name": "Moras De La Paz",
          "code": "035421002",
          "psgc": "0305421002"
        },
        {
          "name": "Poblacion",
          "code": "035421004",
          "psgc": "0305421004"
        },
        {
          "name": "San Bartolome",
          "code": "035421005",
          "psgc": "0305421005"
        },
        {
          "name": "San Matias",
          "code": "035421006",
          "psgc": "0305421006"
        },
        {
          "name": "San Vicente",
          "code": "035421007",
          "psgc": "0305421007"
        },
        {
          "name": "Santo Rosario",
          "code": "035421008",
          "psgc": "0305421008"
        },
        {
          "name": "Sapa",
          "code": "035421009",
          "psgc": "0305421009"
        }
      ]
    }
  ]
}